lat,lon,district
55.81157471,49.2607765,Советский р-н
55.8397747,49.19753401,Советский р-н
55.81749421,49.0816947,Кировский р-н
55.79689647,49.04820488,Кировский р-н
55.74917304,49.13669944,Приволжский р-н
55.8168374,49.03951902,Кировский р-н
55.82593947,49.07980288,Московский р-н
55.85213941,49.08354434,Авиастроительный р-н
55.73573486,49.26028275,Приволжский р-н
55.71752257,49.1222817,Приволжский р-н
55.80488066,49.19571098,Советский р-н
55.76336433,49.17647805,Советский р-н
55.73045935,49.14410066,Приволжский р-н
55.72099897,49.10158148,Приволжский р-н
55.72337049,49.11921287,Приволжский р-н
55.85031329,49.11770841,Авиастроительный р-н
55.83990507,49.07430048,Московский р-н
55.7949809,49.22415974,Советский р-н
55.7319885,49.10040896,Приволжский р-н
55.83168526,49.15672808,Ново-Савиновский р-н
55.84393354,49.02882183,Московский р-н
55.83642635,49.09270001,Ново-Савиновский р-н
55.78261444,49.27413416,Советский р-н
55.85951265,49.10243389,Авиастроительный р-н
55.75249169,49.16553664,Приволжский р-н
55.75910839,49.122065,Приволжский р-н
55.85477595,49.19731447,Советский р-н
55.70816925,49.094143,Приволжский р-н
55.78611368,49.16467385,Советский р-н
55.83983896,49.18852387,Советский р-н
55.6981604,49.06306173,Приволжский р-н
55.81349499,49.19467734,Советский р-н
55.82618842,49.02424362,Кировский р-н
55.72471686,49.10029872,Приволжский р-н
55.82784141,49.12086485,Ново-Савиновский р-н
55.75777054,49.22343843,Приволжский р-н
55.81151284,49.28475268,Советский р-н
55.7200511,49.09465305,Приволжский р-н
55.79447922,49.22750623,Советский р-н
55.71615136,49.10048164,Приволжский р-н
55.82573485,49.03224552,Кировский р-н
55.84470414,49.19166206,Советский р-н
55.85546151,49.07024613,Авиастроительный р-н
55.80814208,49.24865183,Советский р-н
55.79961946,49.06209309,Кировский р-н
55.76859478,49.24114048,Советский р-н
55.73309368,49.15259516,Приволжский р-н
55.82342274,49.22004641,Советский р-н
55.78232039,49.13197427,Вахитовский р-н
55.81394271,49.25087419,Советский р-н
55.79291033,49.16980445,Советский р-н
55.8030838,49.01308218,Кировский р-н
55.70138354,49.13164673,Приволжский р-н
55.69523428,49.14951677,Приволжский р-н
55.79963822,49.12262579,Вахитовский р-н
55.75413916,49.15491854,Приволжский р-н
55.84793322,49.13609003,Ново-Савиновский р-н
55.82761831,49.14642904,Ново-Савиновский р-н
55.81573433,49.14120637,Ново-Савиновский р-н
55.77392978,49.14481835,Приволжский р-н
55.73991281,49.17426248,Приволжский р-н
55.80311414,49.03746894,Кировский р-н
55.77023152,49.26931083,Советский р-н
55.78052497,49.10521653,Вахитовский р-н
55.85056175,49.17192142,Советский р-н
55.78560373,49.11257638,Вахитовский р-н
55.83172378,49.13710524,Ново-Савиновский р-н
55.77465588,49.19847454,Советский р-н
55.75546532,49.18790708,Приволжский р-н
55.82107757,49.13313269,Ново-Савиновский р-н
55.77355395,49.15084519,Вахитовский р-н
55.74617223,49.25006453,Приволжский р-н
55.84739923,49.05944653,Авиастроительный р-н
55.75238798,49.22274185,Приволжский р-н
55.80033321,49.03028703,Кировский р-н
55.77005485,49.12047449,Вахитовский р-н
55.79964623,49.00092863,Кировский р-н
55.82458005,49.0289314,Кировский р-н
55.83430298,49.22739271,Советский р-н
55.81378697,49.22719197,Советский р-н
55.68995762,49.14355671,Приволжский р-н
55.76069597,49.19663446,Советский р-н
55.81263268,49.20028,Советский р-н
55.81835122,49.04527951,Кировский р-н
55.84322635,49.14877265,Ново-Савиновский р-н
55.8461191,49.15081774,Ново-Савиновский р-н
55.80054016,49.17428224,Советский р-н
55.80565536,49.22268712,Советский р-н
55.73869487,49.14561895,Приволжский р-н
55.84686738,49.05424566,Московский р-н
55.85067556,49.08009759,Авиастроительный р-н
55.76955237,49.22028132,Советский р-н
55.79966379,49.10273468,Вахитовский р-н
55.74729353,49.28122973,Приволжский р-н
55.73776216,49.24788245,Приволжский р-н
55.79298476,49.22942558,Советский р-н
55.79975188,49.24954137,Советский р-н
55.76167776,49.14629515,Приволжский р-н
55.76812778,49.19103008,Советский р-н
55.7547976,49.24137551,Приволжский р-н
55.76421897,48.9853633,Верхнеуслонский р-н
55.80687661,49.25829786,Советский р-н
55.76773743,48.99250047,Верхнеуслонский р-н
55.80472192,49.24299293,Советский р-н
55.78534479,49.22981721,Советский р-н
55.80262464,49.0004524,Кировский р-н
55.81680025,49.11517811,Ново-Савиновский р-н
55.79157857,49.05581216,Кировский р-н
55.84408286,49.2164076,Советский р-н
55.83137611,49.19489466,Советский р-н
55.79480006,49.15078267,Вахитовский р-н
55.82457137,49.12122195,Ново-Савиновский р-н
55.81920861,49.21355015,Советский р-н
55.74715991,49.200736,Приволжский р-н
55.77526996,49.21547417,Советский р-н
55.76999698,49.17004746,Вахитовский р-н
55.75556886,49.2231095,Приволжский р-н
55.70871829,49.1784189,Приволжский р-н
55.82334014,49.03408638,Кировский р-н
55.73946359,49.11754448,Приволжский р-н
55.76806611,49.20133117,Советский р-н
55.79779829,49.21667226,Советский р-н
55.8243987,49.13473283,Ново-Савиновский р-н
55.80341333,49.27583058,Советский р-н
55.7998999,49.21508519,Советский р-н
55.73875648,49.15603745,Приволжский р-н
55.75624199,49.11617158,Приволжский р-н
55.77856844,49.27324344,Советский р-н
55.76243585,49.21840426,Советский р-н
55.80418796,49.19992084,Советский р-н
55.80655586,49.20850633,Советский р-н
55.84964884,49.13678437,Авиастроительный р-н
55.7175414,49.09668506,Приволжский р-н
55.83831788,49.24434942,Советский р-н
55.81953463,49.07820708,Кировский р-н
55.73612198,49.14325079,Приволжский р-н
55.80558008,49.17447325,Советский р-н
55.73118756,49.18165077,Приволжский р-н
55.77584923,49.10623037,Вахитовский р-н
55.74907023,49.26387762,Приволжский р-н
55.83189427,49.18583398,Советский р-н
55.73894092,49.12490028,Приволжский р-н
55.73521292,49.09052305,Приволжский р-н
55.80661089,49.0854207,Кировский р-н
55.8390913,49.08554226,Московский р-н
55.75150098,49.24971028,Приволжский р-н
55.80367795,49.15514583,Вахитовский р-н
55.78222831,49.09505648,Вахитовский р-н
55.72394217,49.08921554,Приволжский р-н
55.69638723,49.1550971,Приволжский р-н
55.73800416,49.26919469,Приволжский р-н
55.84590971,49.08707348,Авиастроительный р-н
55.7245531,49.13545154,Приволжский р-н
55.72347882,49.15798938,Приволжский р-н
55.8111232,49.27398538,Советский р-н
55.84826489,49.22892924,Советский р-н
55.79888587,49.12806667,Вахитовский р-н
55.80283772,49.22334839,Советский р-н
55.81055003,49.00552578,Кировский р-н
55.77116854,49.22125059,Советский р-н
55.78313264,49.26778389,Советский р-н
55.75018585,49.17915478,Приволжский р-н
55.6915569,49.13684731,Приволжский р-н
55.77564247,49.24921518,Советский р-н
55.774377,49.18237614,Советский р-н
55.70346772,49.08491662,Приволжский р-н
55.75308904,49.10183802,Приволжский р-н
55.85184791,49.06285794,Авиастроительный р-н
55.82468802,49.23929885,Советский р-н
55.8623842,49.10530644,Авиастроительный р-н
55.79734334,49.10429827,Вахитовский р-н
55.74159072,49.1659403,Приволжский р-н
55.7465301,49.12700319,Приволжский р-н
55.76841231,49.16497737,Вахитовский р-н
55.74603409,49.10484617,Приволжский р-н
55.82298822,49.09825268,Московский р-н
55.81730025,49.27456042,Советский р-н
55.80570817,49.09168861,Кировский р-н
55.76651547,49.18464219,Советский р-н
55.72276579,49.17483363,Приволжский р-н
55.77631438,49.18748259,Советский р-н
55.84053548,49.13283046,Ново-Савиновский р-н
55.85910563,49.08177652,Авиастроительный р-н
55.85161726,49.13468434,Авиастроительный р-н
55.82103746,49.11660163,Ново-Савиновский р-н
55.79042976,49.17641408,Советский р-н
55.79530279,49.04894573,Кировский р-н
55.84922451,49.18361005,Советский р-н
55.71546298,49.09040083,Приволжский р-н
55.77624072,49.12787387,Вахитовский р-н
55.80333358,49.2875187,Советский р-н
55.72216636,49.17088177,Приволжский р-н
55.78902234,49.1200651,Вахитовский р-н
55.85138607,49.13876836,Авиастроительный р-н
55.71957758,49.11797097,Приволжский р-н
55.86080015,49.10474307,Авиастроительный р-н
55.82363789,49.26477739,Советский р-н
55.80544999,49.27778345,Советский р-н
55.84136418,49.03250542,Московский р-н
55.72367482,49.1356824,Приволжский р-н
55.8232145,49.23145095,Советский р-н
55.81221895,49.27519534,Советский р-н
55.75571384,49.12611099,Приволжский р-н
55.73622133,49.09508214,Приволжский р-н
55.78668741,49.21835439,Советский р-н
55.72626781,49.16333198,Приволжский р-н
55.81102914,49.16865465,Советский р-н
55.81792424,49.26986989,Советский р-н
55.8042073,49.0100515,Кировский р-н
55.70019358,49.06458391,Приволжский р-н
55.83191521,49.18498096,Советский р-н
55.7467717,49.12735518,Приволжский р-н
55.77002431,49.14949517,Приволжский р-н
55.76423982,49.24029415,Советский р-н
55.73018508,49.15669343,Приволжский р-н
55.76280108,49.25007565,Советский р-н
55.79893124,49.02773604,Кировский р-н
55.74026182,49.27406433,Приволжский р-н
55.75426375,49.19551003,Приволжский р-н
55.85380298,49.05278627,Авиастроительный р-н
55.83547409,49.16116987,Ново-Савиновский р-н
55.76545881,49.15615434,Приволжский р-н
55.8329334,49.08248584,Московский р-н
55.82362126,49.11556974,Ново-Савиновский р-н
55.8433079,49.10027816,Ново-Савиновский р-н
55.84342333,49.09903482,Ново-Савиновский р-н
55.69703078,49.1490327,Приволжский р-н
55.72560655,49.15229979,Приволжский р-н
55.83966922,49.20624274,Советский р-н
55.80164413,49.04256864,Кировский р-н
55.75549859,49.19509294,Приволжский р-н
55.79123564,49.23341786,Советский р-н
55.74021053,49.16156632,Приволжский р-н
55.7451321,49.167081,Приволжский р-н
55.82837855,49.09148847,Московский р-н
55.73583274,49.20023265,Приволжский р-н
55.81711735,49.12428094,Ново-Савиновский р-н
55.82613931,49.23001872,Советский р-н
55.79101854,49.15980891,Вахитовский р-н
55.85391254,49.18550604,Советский р-н
55.82283441,49.07280305,Кировский р-н
55.81368967,49.13631093,Ново-Савиновский р-н
55.7768426,49.17338515,Советский р-н
55.84258897,49.11026902,Ново-Савиновский р-н
55.73860248,49.14288584,Приволжский р-н
55.80052775,49.12986273,Вахитовский р-н
55.8213796,49.0472189,Кировский р-н
55.7619624,49.11087134,Приволжский р-н
55.74359178,49.27324979,Приволжский р-н
55.73117549,49.24664942,Приволжский р-н
55.82182028,49.22657644,Советский р-н
55.76257099,49.12284114,Приволжский р-н
55.81244422,49.05455834,Кировский р-н
55.79630747,49.2700838,Советский р-н
55.69408679,49.14268299,Приволжский р-н
55.76849972,49.24711478,Советский р-н
55.82690262,49.20355331,Советский р-н
55.83852713,49.13943791,Ново-Савиновский р-н
55.81567727,49.26813716,Советский р-н
55.82999253,49.19124486,Советский р-н
55.79108668,49.18050024,Советский р-н
55.75276264,49.26965556,Советский р-н
55.84592645,49.14452723,Ново-Савиновский р-н
55.76518495,49.13905889,Приволжский р-н
55.85518458,49.08940894,Авиастроительный р-н
55.81054074,49.09290141,Кировский р-н
55.75022275,49.27126502,Советский р-н
55.78762107,49.19543032,Советский р-н
55.84070259,49.14926362,Ново-Савиновский р-н
55.81160864,49.17259802,Советский р-н
55.82835613,49.02772878,Кировский р-н
55.73600638,49.13071511,Приволжский р-н
55.81296519,49.04853491,Кировский р-н
55.7996673,49.06283584,Кировский р-н
55.7778223,49.22878661,Советский р-н
55.73971312,49.17107218,Приволжский р-н
55.77490636,49.19364273,Советский р-н
55.82375648,49.22912784,Советский р-н
55.75925831,49.10014186,Приволжский р-н
55.80045247,49.19685679,Советский р-н
55.7150275,49.11487301,Приволжский р-н
55.7761117,49.20925817,Советский р-н
55.83784324,49.08029758,Московский р-н
55.74235489,49.17931108,Приволжский р-н
55.82617592,49.19468726,Советский р-н
55.78504543,49.25746753,Советский р-н
55.81084362,49.067445,Кировский р-н
55.72344779,49.17446542,Приволжский р-н
55.80287835,49.18241189,Советский р-н
55.78679602,49.12491562,Вахитовский р-н
55.78002988,49.23978407,Советский р-н
55.83822059,49.15818169,Ново-Савиновский р-н
55.76382605,49.26735771,Советский р-н
55.74936283,49.23969965,Приволжский р-н
55.76613572,49.14773859,Приволжский р-н
55.82648636,49.12541502,Ново-Савиновский р-н
55.83736763,49.08452788,Московский р-н
55.82972524,49.04656697,Московский р-н
55.73740024,49.24704852,Приволжский р-н
55.69279917,49.1547589,Приволжский р-н
55.72377828,49.19693326,Приволжский р-н
55.74626522,49.22468003,Приволжский р-н
55.76107654,49.19879554,Советский р-н
55.8291494,49.12130721,Ново-Савиновский р-н
55.75861364,49.2219398,Приволжский р-н
55.75431618,49.1715647,Приволжский р-н
55.77956226,49.17695374,Советский р-н
55.73811817,49.27557522,Приволжский р-н
55.81855418,49.04809425,Кировский р-н
55.70654603,49.1489293,Приволжский р-н
55.77525316,49.2528332,Советский р-н
55.85269928,49.07983324,Авиастроительный р-н
55.7437861,49.22062492,Приволжский р-н
55.81155626,49.27450891,Советский р-н
55.84258419,49.2411452,Советский р-н
55.85464179,49.07162615,Авиастроительный р-н
55.76704142,49.09120356,Вахитовский р-н
55.81294515,49.10820295,Ново-Савиновский р-н
55.8368937,49.22343614,Советский р-н
55.80657474,49.18777978,Советский р-н
55.81497592,49.28114693,Советский р-н
55.80195782,49.04468952,Кировский р-н
55.72709836,49.13248396,Приволжский р-н
55.74329266,49.23766562,Приволжский р-н
55.74310517,49.18547961,Приволжский р-н
55.83154376,49.1069714,Ново-Савиновский р-н
55.79524134,49.17013801,Советский р-н
55.83409712,49.04595502,Московский р-н
55.81475725,49.00915755,Кировский р-н
55.8644053,49.10933524,Авиастроительный р-н
55.72213994,49.11703987,Приволжский р-н
55.80625886,49.05030466,Кировский р-н
55.77474863,49.15523096,Вахитовский р-н
55.82912198,49.13145989,Ново-Савиновский р-н
55.78579913,49.23927901,Советский р-н
55.80102575,48.98355862,Кировский р-н
55.76193228,49.26595474,Советский р-н
55.84687279,49.20328184,Советский р-н
55.82470275,49.03757552,Кировский р-н
55.83352883,49.1493301,Ново-Савиновский р-н
55.82199828,49.14462893,Ново-Савиновский р-н
55.74508302,49.23493925,Приволжский р-н
55.81135748,49.18941008,Советский р-н
55.81802487,49.17475693,Советский р-н
55.85577054,49.06789073,Авиастроительный р-н
55.74408492,49.1000882,Приволжский р-н
55.79788391,49.20117554,Советский р-н
55.84256515,49.20598253,Советский р-н
55.78822447,49.15160316,Вахитовский р-н
55.7945292,49.22167458,Советский р-н
55.75855717,49.1061238,Приволжский р-н
55.83806803,49.08458419,Московский р-н
55.77663952,49.24426431,Советский р-н
55.80924995,49.2737945,Советский р-н
55.71751887,49.16005382,Приволжский р-н
55.69314901,49.16307253,Приволжский р-н
55.73028264,49.17847332,Приволжский р-н
55.76971583,49.2652655,Советский р-н
55.82465763,49.10643709,Московский р-н
55.83696432,49.14444168,Ново-Савиновский р-н
55.73242818,49.23930936,Приволжский р-н
55.76077978,49.13880279,Приволжский р-н
55.74584107,49.22203449,Приволжский р-н
55.72491483,49.10368511,Приволжский р-н
55.78034846,49.26511714,Советский р-н
55.79588872,49.20462714,Советский р-н
55.83595905,49.06579969,Московский р-н
55.75200764,49.19925458,Приволжский р-н
55.76604657,49.15729426,Вахитовский р-н
55.800459,49.26734726,Советский р-н
55.82897775,49.15147276,Ново-Савиновский р-н
55.77271386,49.26128344,Советский р-н
55.76627995,48.98268084,Верхнеуслонский р-н
55.78897957,49.18443441,Советский р-н
55.78527468,49.22327607,Советский р-н
55.86704972,49.14431005,Авиастроительный р-н
55.80153087,49.17755517,Советский р-н
55.76681069,49.22858495,Советский р-н
55.74737955,49.13501047,Приволжский р-н
55.80122098,49.02244133,Кировский р-н
55.74971864,49.28628329,Советский р-н
55.75037458,49.11865076,Приволжский р-н
55.83066083,49.07850623,Московский р-н
55.83752166,49.03982171,Московский р-н
55.7945717,49.17247778,Советский р-н
55.82202535,49.06035171,Кировский р-н
55.82052435,49.17625369,Советский р-н
55.81907785,49.2189115,Советский р-н
55.81259824,49.22201168,Советский р-н
55.84653226,49.08850723,Авиастроительный р-н
55.72231737,49.19618524,Приволжский р-н
55.81987761,49.17462949,Советский р-н
55.83126551,49.15635806,Ново-Савиновский р-н
55.80917381,49.08107737,Кировский р-н
55.73240818,49.16564208,Приволжский р-н
55.81780705,49.05330416,Кировский р-н
55.76049524,49.12671484,Приволжский р-н
55.71860727,49.11782625,Приволжский р-н
55.80764195,49.28393033,Советский р-н
55.75860219,49.29058373,Советский р-н
55.83597829,49.04431589,Московский р-н
55.7675935,49.21779681,Советский р-н
55.76125181,49.27136506,Советский р-н
55.80849552,49.19966208,Советский р-н
55.74831181,49.26190516,Приволжский р-н
55.7807792,49.16979073,Советский р-н
55.72639162,49.17528992,Приволжский р-н
55.77570043,49.09585499,Вахитовский р-н
55.84006559,49.19390232,Советский р-н
55.79695093,49.07940637,Вахитовский р-н
55.84065408,49.14125053,Ново-Савиновский р-н
55.84310705,49.15736079,Ново-Савиновский р-н
55.73325018,49.24796255,Приволжский р-н
55.75993927,48.9852451,Верхнеуслонский р-н
55.81418472,49.26164895,Советский р-н
55.78467352,49.11711213,Вахитовский р-н
55.77495242,49.11008765,Вахитовский р-н
55.83228401,49.22681243,Советский р-н
55.74662739,49.22001824,Приволжский р-н
55.85396238,49.07819352,Авиастроительный р-н
55.7961764,49.0510811,Кировский р-н
55.79514019,49.04758161,Кировский р-н
55.79777302,49.00765459,Кировский р-н
55.71609844,49.10295529,Приволжский р-н
55.80116891,49.06745194,Кировский р-н
55.80298877,49.12455443,Вахитовский р-н
55.69621269,49.14196636,Приволжский р-н
55.80949501,49.258989,Советский р-н
55.81303454,49.13443587,Ново-Савиновский р-н
55.82436484,49.04648179,Кировский р-н
55.84588173,49.20097442,Советский р-н
55.79701666,49.16197596,Советский р-н
55.78008744,49.11259054,Вахитовский р-н
55.83735102,49.15636544,Ново-Савиновский р-н
55.8032462,49.12723453,Вахитовский р-н
55.85577225,49.18084436,Советский р-н
55.83993118,49.14957735,Ново-Савиновский р-н
55.75101648,49.26451675,Приволжский р-н
55.79882486,49.17781577,Советский р-н
55.79927642,49.22646579,Советский р-н
55.80952783,49.07042754,Кировский р-н
55.84806217,49.11560689,Авиастроительный р-н
55.77160372,49.27108367,Советский р-н
55.74218837,49.25214451,Приволжский р-н
55.77598058,49.22533258,Советский р-н
55.71437436,49.09937951,Приволжский р-н
55.82312099,49.26654603,Советский р-н
55.83191215,49.15151112,Ново-Савиновский р-н
55.80035865,49.05461851,Кировский р-н
55.75836175,49.26628052,Советский р-н
55.8406078,49.10413746,Ново-Савиновский р-н
55.84305173,49.12685551,Ново-Савиновский р-н
55.77561334,49.21784802,Советский р-н
55.84528078,49.07596403,Московский р-н
55.83669832,49.02465313,Московский р-н
55.77904404,49.23601665,Советский р-н
55.75845875,49.14411552,Приволжский р-н
55.71368407,49.18193007,Приволжский р-н
55.78524459,49.21863409,Советский р-н
55.75758809,49.22724413,Приволжский р-н
55.7412338,49.2288545,Приволжский р-н
55.79462976,49.25402508,Советский р-н
55.79711352,49.1950164,Советский р-н
55.72927139,49.19624375,Приволжский р-н
55.83677651,49.21443567,Советский р-н
55.77669624,49.27407138,Советский р-н
55.7671605,49.20164029,Советский р-н
55.80640263,49.26428786,Советский р-н
55.85803075,49.07737509,Авиастроительный р-н
55.75888298,49.20384274,Советский р-н
55.84380292,49.03562897,Московский р-н
55.81310884,49.25617013,Советский р-н
55.74152386,49.25825606,Приволжский р-н
55.84269186,49.15014851,Ново-Савиновский р-н
55.76050666,49.26359995,Советский р-н
55.81703343,49.09114806,Московский р-н
55.8023998,49.25173065,Советский р-н
55.80437154,49.14670158,Вахитовский р-н
55.80395239,49.03009098,Кировский р-н
55.79457119,49.00296876,Кировский р-н
55.82467705,49.0837742,Московский р-н
55.76682573,49.15240557,Приволжский р-н
55.80160088,49.0233665,Кировский р-н
55.7438217,49.21289594,Приволжский р-н
55.7058782,49.1463537,Приволжский р-н
55.78281573,49.23821317,Советский р-н
55.73011754,49.15289233,Приволжский р-н
55.75240202,49.19534708,Приволжский р-н
55.85422644,49.07563874,Авиастроительный р-н
55.79396699,49.1991314,Советский р-н
55.84028051,49.19225854,Советский р-н
55.73627709,49.16460605,Приволжский р-н
55.81793522,49.09902899,Московский р-н
55.76778143,49.19123021,Советский р-н
55.76202613,49.17585504,Советский р-н
55.76477171,49.1316781,Приволжский р-н
55.81962044,49.04362951,Кировский р-н
55.74449144,49.28271927,Приволжский р-н
55.82825983,49.19725765,Советский р-н
55.747213,49.12223723,Приволжский р-н
55.82832078,49.06299458,Московский р-н
55.83372492,49.19261398,Советский р-н
55.80583281,49.07658589,Кировский р-н
55.82703806,49.08333706,Московский р-н
55.73147057,49.24577988,Приволжский р-н
55.75634983,49.14468791,Приволжский р-н
55.74000242,49.15132086,Приволжский р-н
55.80930138,49.22212079,Советский р-н
55.80901464,49.24569125,Советский р-н
55.81135322,49.16959354,Советский р-н
55.74628032,49.19003693,Приволжский р-н
55.82391646,49.04894158,Кировский р-н
55.8154628,49.26107257,Советский р-н
55.75268474,49.2158806,Приволжский р-н
55.82155606,49.05242387,Кировский р-н
55.789124,49.18066742,Советский р-н
55.80306238,49.18127427,Советский р-н
55.71772231,49.12260672,Приволжский р-н
55.76944164,49.23694443,Советский р-н
55.83006345,49.11986894,Ново-Савиновский р-н
55.72140023,49.18522271,Приволжский р-н
55.73092503,49.12417355,Приволжский р-н
55.78807237,49.25326037,Советский р-н
55.80312665,49.01196585,Кировский р-н
55.82536964,49.02690775,Кировский р-н
55.74617337,49.11270466,Приволжский р-н
55.85855522,49.20314189,Советский р-н
55.82464731,49.22641132,Советский р-н
55.77874367,49.24769793,Советский р-н
55.86356082,49.11103221,Авиастроительный р-н
55.72738334,49.19320842,Приволжский р-н
55.72596085,49.1396721,Приволжский р-н
55.83401325,49.14029752,Ново-Савиновский р-н
55.79682299,49.01463895,Кировский р-н
55.80185009,49.22805545,Советский р-н
55.75537706,49.23343555,Приволжский р-н
55.76320076,49.1814505,Советский р-н
55.82120109,49.11890263,Ново-Савиновский р-н
55.81874436,49.13270746,Ново-Савиновский р-н
55.85822245,49.08126014,Авиастроительный р-н
55.74599312,49.21413201,Приволжский р-н
55.77537473,49.17783455,Советский р-н
55.84287331,49.13942821,Ново-Савиновский р-н
55.76216082,48.98073711,Верхнеуслонский р-н
55.85637812,49.09492946,Авиастроительный р-н
55.7881957,49.14907264,Вахитовский р-н
55.78609996,49.26706706,Советский р-н
55.79312852,49.26591918,Советский р-н
55.84026977,49.12256039,Ново-Савиновский р-н
55.75151654,49.22167856,Приволжский р-н
55.70165822,49.13899947,Приволжский р-н
55.7566886,49.261226,Советский р-н
55.71367186,49.18777004,Приволжский р-н
55.77980715,49.09832818,Вахитовский р-н
55.79501127,49.22364117,Советский р-н
55.76918864,49.14320613,Приволжский р-н
55.74520259,49.14918141,Приволжский р-н
55.76885159,49.14408749,Приволжский р-н
55.85547656,49.09029982,Авиастроительный р-н
55.8219132,49.23440131,Советский р-н
55.82696719,49.12543893,Ново-Савиновский р-н
55.77820622,49.15969446,Вахитовский р-н
55.69440841,49.08698442,Приволжский р-н
55.84482776,49.20220413,Советский р-н
55.79846615,49.14297422,Вахитовский р-н
55.76988209,48.98200914,Верхнеуслонский р-н
55.84497426,49.14826349,Ново-Савиновский р-н
55.74686722,49.25504637,Приволжский р-н
55.75827932,49.25162324,Приволжский р-н
55.85512921,49.07671363,Авиастроительный р-н
55.7626622,48.99537548,Верхнеуслонский р-н
55.82847186,49.122068,Ново-Савиновский р-н
55.79449014,49.14457956,Вахитовский р-н
55.70945611,49.21450215,Приволжский р-н
55.73744267,49.1110713,Приволжский р-н
55.81978253,49.14010533,Ново-Савиновский р-н
55.75396248,48.99221216,Верхнеуслонский р-н
55.75911546,49.12762803,Приволжский р-н
55.85412171,49.12931484,Авиастроительный р-н
55.77321294,49.19087495,Советский р-н
55.74381435,49.12742198,Приволжский р-н
55.8454493,49.15433035,Ново-Савиновский р-н
55.78622119,49.25504474,Советский р-н
55.85346687,49.19457359,Советский р-н
55.81410362,49.00406575,Кировский р-н
55.79823233,49.06309267,Кировский р-н
55.79627955,49.17847261,Советский р-н
55.82071571,49.26829592,Советский р-н
55.84167071,49.14374789,Ново-Савиновский р-н
55.76463596,49.12539276,Приволжский р-н
55.8113888,49.07898345,Кировский р-н
55.76450888,49.11116256,Приволжский р-н
55.77336807,49.13709162,Вахитовский р-н
55.72344464,49.16494401,Приволжский р-н
55.74085666,49.25762566,Приволжский р-н
55.82615271,49.08403361,Московский р-н
55.78262414,49.16469782,Советский р-н
55.72689421,49.18300993,Приволжский р-н
55.82902978,49.11745695,Ново-Савиновский р-н
55.82623644,49.14486373,Ново-Савиновский р-н
55.84475643,49.0878232,Авиастроительный р-н
55.81110195,49.09319775,Кировский р-н
55.78136265,49.23055299,Советский р-н
55.76834361,49.22475559,Советский р-н
55.81474213,49.20487951,Советский р-н
55.80256742,49.2203814,Советский р-н
55.75322684,49.28646458,Советский р-н
55.8512175,49.05064957,Авиастроительный р-н
55.76999529,49.13936555,Приволжский р-н
55.77348807,49.15124603,Вахитовский р-н
55.74010364,49.1437558,Приволжский р-н
55.85172355,49.22550653,Советский р-н
55.74407975,49.09800425,Приволжский р-н
55.77059435,49.10696622,Вахитовский р-н
55.70525548,49.13926597,Приволжский р-н
55.73453197,49.20718589,Приволжский р-н
55.75135577,49.17365356,Приволжский р-н
55.83514383,49.02335297,Московский р-н
55.79615893,49.05668793,Кировский р-н
55.76962989,49.23710627,Советский р-н
55.77645773,49.13802599,Вахитовский р-н
55.73569049,49.27029349,Приволжский р-н
55.78799863,49.25295211,Советский р-н
55.78193337,49.27589084,Советский р-н
55.71944777,49.12808084,Приволжский р-н
55.7428477,49.26436484,Приволжский р-н
55.73409943,49.23458309,Приволжский р-н
55.70161396,49.08246846,Приволжский р-н
55.81919794,49.06982566,Кировский р-н
55.73669757,49.23378104,Приволжский р-н
55.77126945,49.24349371,Советский р-н
55.74871723,49.22116701,Приволжский р-н
55.77002077,49.11267318,Приволжский р-н
55.83852432,49.082338,Московский р-н
55.85839452,49.17391473,Советский р-н
55.81442286,49.17349205,Советский р-н
55.86238599,49.0887155,Авиастроительный р-н
55.74915585,49.23841761,Приволжский р-н
55.79923078,49.26994472,Советский р-н
55.72847144,49.1892584,Приволжский р-н
55.79129778,49.14593572,Вахитовский р-н
55.79996599,49.25249434,Советский р-н
55.82705835,49.06565333,Московский р-н
55.79966968,49.192071,Советский р-н
55.75567618,49.23932243,Приволжский р-н
55.73050992,49.19079062,Приволжский р-н
55.78117731,49.27218263,Советский р-н
55.84430981,49.11344451,Ново-Савиновский р-н
55.80854782,49.00775291,Кировский р-н
55.79778632,49.14303294,Вахитовский р-н
55.75533004,49.22740944,Приволжский р-н
55.78259868,49.2321102,Советский р-н
55.82406186,49.12780213,Ново-Савиновский р-н
55.75625259,49.18713118,Приволжский р-н
55.77306507,49.2142816,Советский р-н
55.84148948,49.08337392,Московский р-н
55.7431015,49.1782858,Приволжский р-н
55.76163269,49.29372761,Советский р-н
55.8190064,49.17103886,Советский р-н
55.78355836,49.19803049,Советский р-н
55.85658251,49.08299527,Авиастроительный р-н
55.78674986,49.24378443,Советский р-н
55.81961083,49.20104206,Советский р-н
55.81652649,49.06137069,Кировский р-н
55.82362258,49.04718809,Кировский р-н
55.84331099,49.18980728,Советский р-н
55.82314157,49.19837762,Советский р-н
55.80903754,49.22934792,Советский р-н
55.74993127,49.19085804,Приволжский р-н
55.71890779,49.18930726,Приволжский р-н
55.72504809,49.15914063,Приволжский р-н
55.80450942,49.25654798,Советский р-н
55.82169819,49.07583865,Кировский р-н
55.8204202,49.09133226,Московский р-н
55.79834691,49.01729825,Кировский р-н
55.83681924,49.07851884,Московский р-н
55.80602137,49.19891863,Советский р-н
55.79822281,49.24576797,Советский р-н
55.82507311,49.11062686,Ново-Савиновский р-н
55.80844892,49.23507858,Советский р-н
55.82289382,49.05683885,Кировский р-н
55.74271323,49.22204177,Приволжский р-н
55.75353024,49.19851344,Приволжский р-н
55.78481832,49.16795345,Советский р-н
55.77491395,49.20153915,Советский р-н
55.76823477,49.13578916,Приволжский р-н
55.81493894,49.20096054,Советский р-н
55.80747909,49.015895,Кировский р-н
55.73721737,49.19721924,Приволжский р-н
55.86234666,49.10850148,Авиастроительный р-н
55.79478401,49.2564953,Советский р-н
55.74717614,49.16783084,Приволжский р-н
55.80485012,49.06569353,Кировский р-н
55.84034131,49.1934417,Советский р-н
55.72372171,49.1960844,Приволжский р-н
55.82574257,49.1388805,Ново-Савиновский р-н
55.76395842,49.24478546,Советский р-н
55.75163163,49.23368804,Приволжский р-н
55.7646053,49.14076659,Приволжский р-н
55.75770597,49.25406796,Приволжский р-н
55.69372826,49.1528621,Приволжский р-н
55.78574384,49.2593378,Советский р-н
55.7639803,49.11130196,Приволжский р-н
55.74522554,49.25403395,Приволжский р-н
55.81460185,49.19551166,Советский р-н
55.79590153,49.06518771,Кировский р-н
55.78522506,49.19189281,Советский р-н
55.85040208,49.19384949,Советский р-н
55.84264061,49.1955006,Советский р-н
55.83235941,49.14533901,Ново-Савиновский р-н
55.82885019,49.13063554,Ново-Савиновский р-н
55.76228688,49.19091713,Советский р-н
55.74731789,49.27750427,Приволжский р-н
55.82249116,49.23566805,Советский р-н
55.81572574,49.00952748,Кировский р-н
55.75704213,49.13458288,Приволжский р-н
55.79784475,49.1657325,Советский р-н
55.85377639,49.05780524,Авиастроительный р-н
55.71991007,49.19549214,Приволжский р-н
55.7701178,48.98280671,Верхнеуслонский р-н
55.83709313,49.1214454,Ново-Савиновский р-н
55.82015927,49.12242965,Ново-Савиновский р-н
55.79708671,49.22987347,Советский р-н
55.82491945,49.14405349,Ново-Савиновский р-н
55.83473499,49.2488886,Советский р-н
55.84243132,49.03356154,Московский р-н
55.83681439,49.23217333,Советский р-н
55.78712135,49.23499063,Советский р-н
55.84779451,49.23018956,Советский р-н
55.82169638,49.03076509,Кировский р-н
55.82086064,49.06269958,Кировский р-н
55.85134539,49.13393632,Авиастроительный р-н
55.85707782,49.08855033,Авиастроительный р-н
55.77810767,49.15546749,Вахитовский р-н
55.70984081,49.21767195,Приволжский р-н
55.77381934,49.27002739,Советский р-н
55.77450414,49.23402235,Советский р-н
55.7147302,49.14760979,Приволжский р-н
55.83065906,49.12496166,Ново-Савиновский р-н
55.76749018,49.24337575,Советский р-н
55.79671446,49.02166416,Кировский р-н
55.83911729,49.12276134,Ново-Савиновский р-н
55.81070341,49.09035517,Кировский р-н
55.82509211,49.17699577,Советский р-н
55.82861918,49.08431392,Московский р-н
55.74233467,49.24949116,Приволжский р-н
55.83545415,49.09247956,Ново-Савиновский р-н
55.75358445,49.22228151,Приволжский р-н
55.73142559,49.11761372,Приволжский р-н
55.80452122,49.25117312,Советский р-н
55.78605406,49.10844712,Вахитовский р-н
55.83823167,49.1377707,Ново-Савиновский р-н
55.83846666,49.18830938,Советский р-н
55.80260118,49.00558826,Кировский р-н
55.75088207,49.20973984,Приволжский р-н
55.7268124,49.12698222,Приволжский р-н
55.74234372,49.27823621,Приволжский р-н
55.8229593,49.04333713,Кировский р-н
55.77102015,49.11192909,Приволжский р-н
55.81094321,49.10015479,Кировский р-н
55.78757253,49.21891436,Советский р-н
55.69504868,49.15241859,Приволжский р-н
55.79195727,49.1865693,Советский р-н
55.84411471,49.09296946,Ново-Савиновский р-н
55.76170341,49.07853502,Вахитовский р-н
55.76542015,49.10447777,Вахитовский р-н
55.79908806,49.09934401,Вахитовский р-н
55.79022305,49.12296278,Вахитовский р-н
55.78935897,49.12564055,Вахитовский р-н
55.82534635,49.05825561,Московский р-н
55.75782786,49.21432036,Приволжский р-н
55.81439608,49.20296542,Советский р-н
55.78453551,49.11016929,Вахитовский р-н
55.86174967,49.18932931,Советский р-н
55.74731299,49.17504546,Приволжский р-н
55.72094687,49.12878118,Приволжский р-н
55.76540047,49.21886977,Советский р-н
55.73110752,49.24034998,Приволжский р-н
55.78628984,49.16972466,Советский р-н
55.80519068,49.23424025,Советский р-н
55.7805676,49.25891814,Советский р-н
55.75995926,49.14773675,Приволжский р-н
55.78045206,49.16026744,Вахитовский р-н
55.83318886,49.06676196,Московский р-н
55.75658588,49.1767738,Приволжский р-н
55.74122058,49.28204946,Приволжский р-н
55.77155602,49.10627395,Вахитовский р-н
55.70005112,49.06250366,Приволжский р-н
55.84238584,49.13199953,Ново-Савиновский р-н
55.72636775,49.16248529,Приволжский р-н
55.75242357,49.28771887,Советский р-н
55.79088496,49.1618259,Вахитовский р-н
55.85244545,49.22067852,Советский р-н
55.76253491,49.13542249,Приволжский р-н
55.79870701,49.22041885,Советский р-н
55.7472613,49.11494384,Приволжский р-н
55.76437351,49.19492639,Советский р-н
55.81678233,49.26082625,Советский р-н
55.78596024,49.13258327,Вахитовский р-н
55.78670945,49.22791781,Советский р-н
55.80718554,49.22420653,Советский р-н
55.80849933,49.07519505,Кировский р-н
55.84693701,49.06172313,Авиастроительный р-н
55.76960821,49.25009056,Советский р-н
55.77498816,49.23091195,Советский р-н
55.8028018,49.28035495,Советский р-н
55.79464002,49.16855863,Советский р-н
55.74529387,49.23695779,Приволжский р-н
55.82791876,49.1325203,Ново-Савиновский р-н
55.81089095,49.20698998,Советский р-н
55.74002125,49.17267339,Приволжский р-н
55.84636976,49.08182067,Авиастроительный р-н
55.73624909,49.14124933,Приволжский р-н
55.75661167,49.19496078,Приволжский р-н
55.78025644,49.18666004,Советский р-н
55.80319376,49.05977867,Кировский р-н
55.76613025,49.21762217,Советский р-н
55.85041764,49.07684529,Авиастроительный р-н
55.82065967,49.10859106,Ново-Савиновский р-н
55.72002948,49.09354423,Приволжский р-н
55.70726854,49.14807043,Приволжский р-н
55.8303448,49.19070738,Советский р-н
55.73026941,49.15385073,Приволжский р-н
55.7685513,49.16568453,Вахитовский р-н
55.80952438,49.2172103,Советский р-н
55.72240293,49.08899114,Приволжский р-н
55.83442013,49.07607242,Московский р-н
55.83174289,49.06720683,Московский р-н
55.82751213,49.18605227,Советский р-н
55.75715714,49.15309595,Приволжский р-н
55.808727,49.08393885,Кировский р-н
55.76998889,49.26061613,Советский р-н
55.8353383,49.07964757,Московский р-н
55.75945795,49.11390925,Приволжский р-н
55.79655453,49.16562303,Советский р-н
55.82166357,49.25514919,Советский р-н
55.74000186,49.25772085,Приволжский р-н
55.78417874,49.11310761,Вахитовский р-н
55.81873094,49.18741206,Советский р-н
55.83940841,49.18757403,Советский р-н
55.77568603,49.1154573,Вахитовский р-н
55.84763403,49.19039289,Советский р-н
55.76794876,49.15646363,Вахитовский р-н
55.80014875,49.11813025,Вахитовский р-н
55.76179374,49.21717534,Советский р-н
55.81989296,49.12952221,Ново-Савиновский р-н
55.78911331,49.26200345,Советский р-н
55.76068655,49.12728197,Приволжский р-н
55.82154427,49.16220761,Ново-Савиновский р-н
55.83352308,49.24379236,Советский р-н
55.74182202,49.24556348,Приволжский р-н
55.84304966,49.22585979,Советский р-н
55.79772128,49.20963126,Советский р-н
55.83856616,49.13236281,Ново-Савиновский р-н
55.7784952,49.2193589,Советский р-н
55.73418878,49.19492771,Приволжский р-н
55.82013734,49.22693336,Советский р-н
55.78974648,49.17512718,Советский р-н
55.73442727,49.237717,Приволжский р-н
55.78473068,49.09685632,Вахитовский р-н
55.76340021,49.154336,Приволжский р-н
55.82340036,49.07222003,Кировский р-н
55.86438327,49.09596706,Авиастроительный р-н
55.70041145,49.08263941,Приволжский р-н
55.72851309,49.17179738,Приволжский р-н
55.80956821,49.26682468,Советский р-н
55.82147162,49.09929216,Московский р-н
55.8202683,49.1143932,Ново-Савиновский р-н
55.80478577,49.27639363,Советский р-н
55.82563765,49.05101297,Кировский р-н
55.8278964,49.12691006,Ново-Савиновский р-н
55.76721595,49.12595592,Приволжский р-н
55.83782475,49.11423564,Ново-Савиновский р-н
55.72262173,49.18258944,Приволжский р-н
55.81666639,49.13169447,Ново-Савиновский р-н
55.82497435,49.12987414,Ново-Савиновский р-н
55.81669334,49.0468936,Кировский р-н
55.77613857,49.11643495,Вахитовский р-н
55.7994523,49.05353934,Кировский р-н
55.83914659,49.07263495,Московский р-н
55.80735153,49.2129516,Советский р-н
55.77478169,49.15877938,Вахитовский р-н
55.79669903,49.05751161,Кировский р-н
55.84842969,49.15589655,Ново-Савиновский р-н
55.69123173,49.16411526,Приволжский р-н
55.75886137,49.15603743,Приволжский р-н
55.79769702,49.09408824,Вахитовский р-н
55.74100042,49.22030141,Приволжский р-н
55.84017048,49.19225362,Советский р-н
55.80618051,49.22461021,Советский р-н
55.76600467,49.10956588,Приволжский р-н
55.7451581,49.16552374,Приволжский р-н
55.80406314,49.1723306,Советский р-н
55.79753891,49.16882956,Советский р-н
55.80487672,49.01738956,Кировский р-н
55.76845416,49.22795957,Советский р-н
55.76921108,49.14160425,Приволжский р-н
55.81639695,49.22666326,Советский р-н
55.80620654,49.08562788,Кировский р-н
55.81673659,49.07134486,Кировский р-н
55.79295948,49.11732268,Вахитовский р-н
55.82682083,49.05890579,Московский р-н
55.72486848,49.13787914,Приволжский р-н
55.82019839,49.0751634,Кировский р-н
55.79045759,49.15352042,Вахитовский р-н
55.80033488,49.27442438,Советский р-н
55.79832019,49.23812573,Советский р-н
55.85266165,49.07131397,Авиастроительный р-н
55.80616265,49.20635265,Советский р-н
55.76522254,49.13687184,Приволжский р-н
55.7672545,49.26302525,Советский р-н
55.80549929,48.9945743,Кировский р-н
55.77529619,49.15737906,Вахитовский р-н
55.83265352,49.12806656,Ново-Савиновский р-н
55.84149187,49.04888,Московский р-н
55.79594259,49.01506996,Кировский р-н
55.82832124,49.09920871,Ново-Савиновский р-н
55.6970235,49.08369692,Приволжский р-н
55.7303785,49.09144749,Приволжский р-н
55.75954839,49.24525709,Советский р-н
55.74499416,49.24332535,Приволжский р-н
55.78462353,49.12712383,Вахитовский р-н
55.83000608,49.23892785,Советский р-н
55.85360431,49.17086642,Советский р-н
55.84661951,49.16016125,Ново-Савиновский р-н
55.84800847,49.10830878,Авиастроительный р-н
55.84061971,49.09303895,Ново-Савиновский р-н
55.76826878,48.99391249,Верхнеуслонский р-н
55.7331475,49.2675676,Приволжский р-н
55.78161756,49.11449766,Вахитовский р-н
55.84821382,49.16017302,Ново-Савиновский р-н
55.7194517,49.16465945,Приволжский р-н
55.78623533,49.23163255,Советский р-н
55.77767553,49.22780407,Советский р-н
55.82286587,49.15689314,Ново-Савиновский р-н
55.83724299,49.07353695,Московский р-н
55.78551774,49.25163017,Советский р-н
55.80069672,49.01617308,Кировский р-н
55.77808884,49.27704601,Советский р-н
55.77373478,49.10096886,Вахитовский р-н
55.76491265,49.19518869,Советский р-н
55.72281829,49.10537474,Приволжский р-н
55.80307705,49.02004317,Кировский р-н
55.84631679,49.17505914,Советский р-н
55.84078474,49.1130659,Ново-Савиновский р-н
55.8022369,49.0355385,Кировский р-н
55.76460107,49.13227078,Приволжский р-н
55.83546885,49.20481415,Советский р-н
55.84244468,49.10027266,Ново-Савиновский р-н
55.71675807,49.11864161,Приволжский р-н
55.80708237,49.09370134,Кировский р-н
55.7783771,49.24774148,Советский р-н
55.79590379,49.20807884,Советский р-н
55.82151385,49.17860403,Советский р-н
55.82946944,49.07441419,Московский р-н
55.75966981,49.24750747,Советский р-н
55.80596137,48.99232502,Кировский р-н
55.71354196,49.18699488,Приволжский р-н
55.82804762,49.14375066,Ново-Савиновский р-н
55.81911043,49.13359224,Ново-Савиновский р-н
55.81224943,49.10959414,Ново-Савиновский р-н
55.83515607,49.11329557,Ново-Савиновский р-н
55.80821126,49.25972957,Советский р-н
55.76978745,49.11599667,Приволжский р-н
55.84472937,49.17317664,Советский р-н
55.72257898,49.11251721,Приволжский р-н
55.73955638,49.19502234,Приволжский р-н
55.73791555,49.15200311,Приволжский р-н
55.84241294,49.21686453,Советский р-н
55.80018078,49.22943021,Советский р-н
55.84317032,49.09048384,Ново-Савиновский р-н
55.78394443,49.13888702,Вахитовский р-н
55.80055905,49.00537344,Кировский р-н
55.73199741,49.14173289,Приволжский р-н
55.83386573,49.18462576,Советский р-н
55.83355611,49.09205691,Ново-Савиновский р-н
55.74917685,49.24359861,Приволжский р-н
55.78449855,49.25421543,Советский р-н
55.7934842,49.13308245,Вахитовский р-н
55.84064488,49.21699542,Советский р-н
55.80516068,49.24937986,Советский р-н
55.81209935,49.2063361,Советский р-н
55.73046177,49.12683727,Приволжский р-н
55.76275666,48.99106301,Верхнеуслонский р-н
55.78795802,49.24794089,Советский р-н
55.74180283,49.11001644,Приволжский р-н
55.74517255,49.22974742,Приволжский р-н
55.72080786,49.12709151,Приволжский р-н
55.77089501,49.20176039,Советский р-н
55.85281506,49.19268347,Советский р-н
55.77575989,49.26839034,Советский р-н
55.69359695,49.13566409,Приволжский р-н
55.73863846,49.19146536,Приволжский р-н
55.74228477,49.20837381,Приволжский р-н
55.83332636,49.06343501,Московский р-н
55.82251101,49.15018557,Ново-Савиновский р-н
55.69799246,49.06555823,Приволжский р-н
55.74030155,49.13261962,Приволжский р-н
55.82240276,49.24004465,Советский р-н
55.82341167,49.08198871,Кировский р-н
55.77637511,49.27168431,Советский р-н
55.84036016,49.13214086,Ново-Савиновский р-н
55.81292891,49.28099958,Советский р-н
55.8619433,49.18931734,Советский р-н
55.83163345,49.21711935,Советский р-н
55.81413376,49.21170182,Советский р-н
55.80977773,49.23708031,Советский р-н
55.76574307,49.26770973,Советский р-н
55.83588625,49.23907186,Советский р-н
55.76288881,49.10870283,Приволжский р-н
55.77728412,49.26273785,Советский р-н
55.83438816,49.10168131,Ново-Савиновский р-н
55.7267002,49.16169699,Приволжский р-н
55.81766392,49.25532119,Советский р-н
55.82053229,49.25872192,Советский р-н
55.77545674,49.24053967,Советский р-н
55.80757438,49.08149296,Кировский р-н
55.81182168,49.10321252,Кировский р-н
55.83552432,49.12098411,Ново-Савиновский р-н
55.81476511,49.21116156,Советский р-н
55.80516896,49.08035676,Кировский р-н
55.81024499,49.09021171,Кировский р-н
55.82417278,49.12264015,Ново-Савиновский р-н
55.76877637,49.2537316,Советский р-н
55.7251893,49.16521704,Приволжский р-н
55.75060079,49.28516643,Советский р-н
55.81474988,49.17082661,Советский р-н
55.77373445,49.10610701,Вахитовский р-н
55.78180785,49.14223508,Вахитовский р-н
55.7713091,49.22522531,Советский р-н
55.81189867,49.28399694,Советский р-н
55.80001461,49.27863982,Советский р-н
55.79314232,49.20046368,Советский р-н
55.82777732,49.09690172,Ново-Савиновский р-н
55.75372562,49.17281811,Приволжский р-н
55.79115104,49.16140125,Вахитовский р-н
55.73857733,49.22643944,Приволжский р-н
55.85203629,49.06939139,Авиастроительный р-н
55.78299639,49.26848456,Советский р-н
55.75598911,49.27732558,Советский р-н
55.85439959,49.06875203,Авиастроительный р-н
55.82447069,49.17619914,Советский р-н
55.83009122,49.07893202,Московский р-н
55.82785894,49.10468873,Ново-Савиновский р-н
55.80764705,49.2814059,Советский р-н
55.83531619,49.08939675,Московский р-н
55.7359049,49.21109266,Приволжский р-н
55.78063729,49.19133495,Советский р-н
55.74417356,49.09546831,Приволжский р-н
55.75470427,49.20677922,Приволжский р-н
55.80072781,49.23367557,Советский р-н
55.85077252,49.167975,Советский р-н
55.77860505,49.14349769,Вахитовский р-н
55.78194309,49.23411927,Советский р-н
55.83640022,49.1608797,Ново-Савиновский р-н
55.76548068,49.17117149,Советский р-н
55.72561163,49.10019867,Приволжский р-н
55.84888838,49.14561398,Ново-Савиновский р-н
55.84723746,49.17576738,Советский р-н
55.84256042,49.24184795,Советский р-н
55.82126155,49.19294831,Советский р-н
55.72143784,49.15991887,Приволжский р-н
55.83351527,49.05229072,Московский р-н
55.81740786,49.14215881,Ново-Савиновский р-н
55.82716161,49.02935366,Кировский р-н
55.83490314,49.10729521,Ново-Савиновский р-н
55.78795603,49.23200709,Советский р-н
55.80114389,49.10958703,Вахитовский р-н
55.77994243,49.15842146,Вахитовский р-н
55.81650921,49.16788296,Советский р-н
55.8050097,49.12012959,Вахитовский р-н
55.8375084,49.16086388,Ново-Савиновский р-н
55.8453188,49.16995413,Советский р-н
55.76086961,49.20372071,Советский р-н
55.72469074,49.08229451,Приволжский р-н
55.82694529,49.16138542,Ново-Савиновский р-н
55.74933053,49.28282012,Советский р-н
55.79148386,49.25999484,Советский р-н
55.80572358,49.07985333,Кировский р-н
55.76217792,49.08006391,Вахитовский р-н
55.76132463,49.11340303,Приволжский р-н
55.7506296,49.14420395,Приволжский р-н
55.83376231,49.23489887,Советский р-н
55.78077118,49.25134985,Советский р-н
55.73916202,49.20049482,Приволжский р-н
55.77194795,49.17338674,Советский р-н
55.75039822,49.27710058,Советский р-н
55.79290638,49.2292869,Советский р-н
55.83540474,49.23046111,Советский р-н
55.75645839,49.19873711,Приволжский р-н
55.74988722,49.10504197,Приволжский р-н
55.84057886,49.24544077,Советский р-н
55.79935033,49.05600641,Кировский р-н
55.85918439,49.10849866,Авиастроительный р-н
55.74679483,49.11050492,Приволжский р-н
55.78185636,49.10853499,Вахитовский р-н
55.80433545,49.03722436,Кировский р-н
55.71289527,49.1029266,Приволжский р-н
55.79535121,49.27015483,Советский р-н
55.73328066,49.25645096,Приволжский р-н
55.75996203,49.16506946,Советский р-н
55.74303621,49.17655525,Приволжский р-н
55.73200764,49.09384276,Приволжский р-н
55.74364409,49.13483188,Приволжский р-н
55.73549483,49.25822438,Приволжский р-н
55.82896952,49.0427987,Московский р-н
55.80204229,49.03330688,Кировский р-н
55.86265911,49.09716759,Авиастроительный р-н
55.8020107,49.23895767,Советский р-н
55.77410249,49.17597701,Советский р-н
55.74414045,49.10781227,Приволжский р-н
55.79351096,49.22906934,Советский р-н
55.7720068,48.98837987,Верхнеуслонский р-н
55.78529714,49.13240965,Вахитовский р-н
55.76397148,49.23125874,Советский р-н
55.73988477,49.1779337,Приволжский р-н
55.8414391,49.10253207,Ново-Савиновский р-н
55.73908991,49.14795761,Приволжский р-н
55.75321839,49.15810144,Приволжский р-н
55.79866482,49.00675316,Кировский р-н
55.77219498,48.98689375,Верхнеуслонский р-н
55.80838955,49.21953208,Советский р-н
55.7681986,48.98036832,Верхнеуслонский р-н
55.79121708,49.11809047,Вахитовский р-н
55.75547522,49.25296085,Приволжский р-н
55.75790933,49.24056319,Советский р-н
55.81587137,49.18418706,Советский р-н
55.73221587,49.23612994,Приволжский р-н
55.83088642,49.11464555,Ново-Савиновский р-н
55.84919154,49.12952699,Авиастроительный р-н
55.69169139,49.16490289,Приволжский р-н
55.83841022,49.13646703,Ново-Савиновский р-н
55.77430004,49.20783663,Советский р-н
55.83146075,49.22454166,Советский р-н
55.83165835,49.1865992,Советский р-н
55.73095413,49.09450971,Приволжский р-н
55.83607133,49.10440172,Ново-Савиновский р-н
55.82186855,49.259858,Советский р-н
55.7733048,49.12949192,Вахитовский р-н
55.75693014,49.13059024,Приволжский р-н
55.85401998,49.11742559,Авиастроительный р-н
55.73176193,49.11135026,Приволжский р-н
55.85368043,49.08457514,Авиастроительный р-н
55.77817,49.21638656,Советский р-н
55.74717555,49.17913479,Приволжский р-н
55.73979966,49.10885295,Приволжский р-н
55.75840729,49.18617205,Приволжский р-н
55.77907565,49.1621242,Вахитовский р-н
55.75146522,49.19238006,Приволжский р-н
55.80216623,49.13238884,Вахитовский р-н
55.73316668,49.24772526,Приволжский р-н
55.77576973,49.22858813,Советский р-н
55.80144601,49.2766176,Советский р-н
55.77423419,49.15025807,Вахитовский р-н
55.81962488,49.09230793,Московский р-н
55.8105406,49.06924011,Кировский р-н
55.85062508,49.1967717,Советский р-н
55.80090469,49.22696442,Советский р-н
55.82861255,49.04609018,Кировский р-н
55.73350626,49.13336151,Приволжский р-н
55.77560592,49.15739331,Вахитовский р-н
55.85265617,49.06136426,Авиастроительный р-н
55.80288146,49.02547951,Кировский р-н
55.73470948,49.18360325,Приволжский р-н
55.76792331,49.16483669,Вахитовский р-н
55.82048746,49.133491,Ново-Савиновский р-н
55.71349854,49.08751716,Приволжский р-н
55.72948436,49.10495339,Приволжский р-н
55.79987546,49.1198585,Вахитовский р-н
55.70980853,49.18755662,Приволжский р-н
55.73618582,49.15904805,Приволжский р-н
55.83529039,49.19053366,Советский р-н
55.83776488,49.19595806,Советский р-н
55.7993172,49.07028539,Кировский р-н
55.74830919,49.16081767,Приволжский р-н
55.77995237,49.14791972,Вахитовский р-н
55.7825552,49.17063681,Советский р-н
55.83679608,49.1072409,Ново-Савиновский р-н
55.77153412,49.17758528,Советский р-н
55.8193685,49.13523317,Ново-Савиновский р-н
55.80072871,49.06243881,Кировский р-н
55.71671496,49.16544107,Приволжский р-н
55.85947634,49.0783386,Авиастроительный р-н
55.80577868,49.26296962,Советский р-н
55.7951462,49.06463524,Кировский р-н
55.78152649,49.14845597,Вахитовский р-н
55.83717821,49.12558222,Ново-Савиновский р-н
55.75807723,49.26543104,Советский р-н
55.78680838,49.11523124,Вахитовский р-н
55.85528398,49.17206251,Советский р-н
55.81791014,49.27592752,Советский р-н
55.84101221,49.24695937,Советский р-н
55.75989995,49.08043905,Вахитовский р-н
55.82842188,49.16609233,Ново-Савиновский р-н
55.72455002,49.09026451,Приволжский р-н
55.85661285,49.08219109,Авиастроительный р-н
55.83998251,49.09734329,Ново-Савиновский р-н
55.7229541,49.15414489,Приволжский р-н
55.74146616,49.20852453,Приволжский р-н
55.72052981,49.17409595,Приволжский р-н
55.85026905,49.08666771,Авиастроительный р-н
55.84131567,49.16192087,Ново-Савиновский р-н
55.73276986,49.13189085,Приволжский р-н
55.80992798,49.19053106,Советский р-н
55.76886724,49.2294901,Советский р-н
55.69868218,49.0948738,Приволжский р-н
55.7601299,48.98041104,Верхнеуслонский р-н
55.73575913,49.27714655,Приволжский р-н
55.72214098,49.15866228,Приволжский р-н
55.85122047,49.12130821,Авиастроительный р-н
55.77931052,49.13102053,Вахитовский р-н
55.84316452,49.02822632,Московский р-н
55.73823471,49.19807203,Приволжский р-н
55.80992099,49.06761121,Кировский р-н
55.80466816,49.12117893,Вахитовский р-н
55.76771632,49.20059833,Советский р-н
55.75402317,49.28111088,Советский р-н
55.8018241,49.26123358,Советский р-н
55.80769151,49.28423117,Советский р-н
55.74866752,49.21615149,Приволжский р-н
55.74616651,49.10948674,Приволжский р-н
55.82819165,49.10548146,Ново-Савиновский р-н
55.80569968,49.0602301,Кировский р-н
